UserId,UserName,Age
201,Alice,67
202,Bob,47
203,Charlie,45
204,David,20
205,Eva,39
206,Frank,68
207,Grace,27
208,Hannah,34
209,Ivy,30
210,Jack,40
211,Kathy,29
212,Leo,32
213,Mona,48
214,Nina,18
215,Oscar,45
216,Paul,67
217,Quincy,58
218,Rachel,55
219,Sam,35
220,Tina,61
221,Uma,45
222,Victor,18
223,Wendy,48
224,Xander,24
225,Yara,70
226,Zane,45
227,Alice,20
228,Bob,57
229,Charlie,70
230,David,68
231,Eva,36
232,Frank,45
233,Grace,38
234,Hannah,34
235,Ivy,18
236,Jack,63
237,Kathy,25
238,Leo,59
239,Mona,34
240,Nina,18
241,Oscar,54
242,Paul,50
243,Quincy,38
244,Rachel,57
245,Sam,34
246,Tina,30
247,Uma,32
248,Victor,56
249,Wendy,67
